ID операции,Дата операции,Дата начисления,Тип записи,Тип операции,Поступление,Списание,Сумма ДДС,Сумма учета,Валюта,Счёт денежных средств,Статья операции,ДДС: раздел,ДДС: строка,ОПиУ: строка,Проект,ЦФО,Контрагент,ИНН,Назначение,НДС,Дт,Кт,Тип источника,ID источника,ID документа источника,Номер документа,Дата импорта,Статус автоматики,Требует уточнения,Комментарий,Балансовая статья
64A9F46660DDFB0E7219533C,03.08.2026,03.08.2026,Денежная операция,Поступление,780000.00,0,780000.00,780000.00,RUB,Основной счёт,Оплата от покупателя,Операционная деятельность,Поступления от покупателей,Выручка по договорам подряда,Орион,ЦФО «Атлас»,ООО «Орион Партнёр»,5406999103,Оплата по договору за проект Орион,0%,Основной счёт,Выручка,TBANK_XLSX,TBANK-5F292C4B8A,TBANK-5F292C4B8A-R000010,ТБ-0801,14.09.2026 13:27,Готово,Нет,,Выручка
848D08F3CB63756957FC6757,05.08.2026,05.08.2026,Денежная операция,Списание,0,165000.00,-165000.00,165000.00,RUB,Основной счёт,Подрядчики,Операционная деятельность,Оплата подрядчикам,Подрядные работы,Вектор,ЦФО «Атлас»,ООО «Вектор Строй»,5406999102,Оплата подрядчику за проект Вектор,0%,Подрядчики,Основной счёт,TBANK_XLSX,TBANK-5F292C4B8A,TBANK-5F292C4B8A-R000011,ТБ-0802,14.09.2026 13:27,Готово,Нет,,Подрядчики
87F28835A6BFC9EB9730D555,06.08.2026,06.08.2026,Денежная операция,Списание,0,2900.00,-2900.00,2900.00,RUB,Основной счёт,Банковское обслуживание,Операционная деятельность,Банковское обслуживание,Расчетно-кассовое обслуживание,Общий,ЦФО «Атлас»,ООО «Северный мост»,5406999101,Комиссия банка за расчетное обслуживание,0%,Операционные расходы,Основной счёт,TBANK_XLSX,TBANK-5F292C4B8A,TBANK-5F292C4B8A-R000012,ТБ-0803,14.09.2026 13:27,Готово,Нет,,Операционные расходы
883E3B3E45B14F0D252B5D2A,08.08.2026,08.08.2026,Денежная операция,Списание,0,125000.00,-125000.00,125000.00,RUB,Основной счёт,Аренда,Операционная деятельность,Аренда помещений,Аренда офисов,Общий,ЦФО «Атлас»,ООО «Деловой квартал»,5406999104,Аренда офиса за август,0%,Операционные расходы,Основной счёт,TBANK_XLSX,TBANK-5F292C4B8A,TBANK-5F292C4B8A-R000013,ТБ-0804,14.09.2026 13:27,Готово,Нет,,Операционные расходы
F14568E0342A209F911E62F9,12.08.2026,12.08.2026,Денежная операция,Списание,0,310000.00,-310000.00,310000.00,RUB,Основной счёт,Зарплата,Операционная деятельность,Заработная плата,Окладные выплаты,Общий,ЦФО «Атлас»,Зарплатный реестр,5406999105,Заработная плата за август,0%,Фонд оплаты труда,Основной счёт,TBANK_XLSX,TBANK-5F292C4B8A,TBANK-5F292C4B8A-R000014,ТБ-0805,14.09.2026 13:27,Готово,Нет,,Фонд оплаты труда
7AE28EA11B3A7314A0718580,16.08.2026,16.08.2026,Денежная операция,Поступление,420000.00,0,420000.00,420000.00,RUB,Основной счёт,Аванс от покупателя,Операционная деятельность,Авансы покупателей,,Вектор,ЦФО «Атлас»,ООО «Вектор Строй»,5406999102,Аванс по договору за проект Вектор,0%,Основной счёт,Авансы полученные,TBANK_XLSX,TBANK-5F292C4B8A,TBANK-5F292C4B8A-R000015,ТБ-0806,14.09.2026 13:27,Готово,Нет,,Авансы полученные
F31683A181A21800D2A16FAB,20.08.2026,20.08.2026,Денежная операция,Списание,0,87000.00,-87000.00,87000.00,RUB,Основной счёт,Материалы,Операционная деятельность,Оплата материалов,Строительные материалы,Орион,ЦФО «Атлас»,ООО «Комплект Плюс»,5406999111,Оплата материалов за проект Орион,0%,Материалы,Основной счёт,TBANK_XLSX,TBANK-5F292C4B8A,TBANK-5F292C4B8A-R000016,ТБ-0807,14.09.2026 13:27,Готово,Нет,,Материалы
461FEFBD77D5C5A5A1EA8587,27.08.2026,27.08.2026,Денежная операция,Поступление,600000.00,0,600000.00,600000.00,RUB,Основной счёт,Получение кредита/займа,Финансовая деятельность,Получение кредитов и займов,,Общий,ЦФО «Атлас»,АО «Капитал Банк»,5406999112,Получение кредита,0%,Основной счёт,Займы,TBANK_XLSX,TBANK-5F292C4B8A,TBANK-5F292C4B8A-R000017,ТБ-0808,14.09.2026 13:27,Готово,Нет,,Займы
BF226BED85C7CEB8A10A4656,02.08.2026,02.08.2026,Денежная операция,Списание,0,142000.00,-142000.00,142000.00,RUB,Дополнительный счёт,Подрядчики,Операционная деятельность,Оплата подрядчикам,Подрядные работы,Орион,ЦФО «Атлас»,ООО «Орион Партнёр»,5406999103,Оплата подрядчику за проект Орион,0%,Подрядчики,Дополнительный счёт,ALFA_XLSX,ALFA-9F1125AAC7,ALFA-9F1125AAC7-R000013,АБ-0801,14.09.2026 13:27,Готово,Нет,,Подрядчики
742A503C583E084EF451DABE,04.08.2026,04.08.2026,Денежная операция,Списание,0,95000.00,-95000.00,95000.00,RUB,Дополнительный счёт,Аванс поставщику,Операционная деятельность,Авансы поставщикам,,Вектор,ЦФО «Атлас»,ООО «Комплект Плюс»,5406999111,Аванс поставщику за проект Вектор,0%,Авансы выданные,Дополнительный счёт,ALFA_XLSX,ALFA-9F1125AAC7,ALFA-9F1125AAC7-R000014,АБ-0802,14.09.2026 13:27,Готово,Нет,,Авансы выданные
54D98DB759B783188FB2C375,07.08.2026,07.08.2026,Денежная операция,Списание,0,67000.00,-67000.00,67000.00,RUB,Дополнительный счёт,Налоги/взыскания,Операционная деятельность,Прочие налоги и сборы,"Прочие налоги, сборы, штрафы",Общий,ЦФО «Атлас»,УФК по Новосибирской области,5406999106,Налоговый платеж,0%,Налоги и взыскания,Дополнительный счёт,ALFA_XLSX,ALFA-9F1125AAC7,ALFA-9F1125AAC7-R000015,АБ-0803,14.09.2026 13:27,Готово,Нет,,Налоги и взыскания
38FF0BE2167BAEBF893CAC31,10.08.2026,10.08.2026,Денежная операция,Списание,0,48000.00,-48000.00,48000.00,RUB,Дополнительный счёт,Маркетинг,Операционная деятельность,Маркетинг и реклама,Реклама в интернете,Вектор,ЦФО «Атлас»,ООО «Маяк Медиа»,5406999107,Продвижение проекта Вектор,0%,Маркетинг,Дополнительный счёт,ALFA_XLSX,ALFA-9F1125AAC7,ALFA-9F1125AAC7-R000016,АБ-0804,14.09.2026 13:27,Готово,Нет,,Маркетинг
E34B6D8DAF431479F270403B,13.08.2026,13.08.2026,Денежная операция,Списание,0,18500.00,-18500.00,18500.00,RUB,Дополнительный счёт,Связь и интернет,Операционная деятельность,Связь и интернет,Расходы на интернет,Общий,ЦФО «Атлас»,ООО «Линия Связи»,5406999108,Услуги связи и интернета,0%,Операционные расходы,Дополнительный счёт,ALFA_XLSX,ALFA-9F1125AAC7,ALFA-9F1125AAC7-R000017,АБ-0805,14.09.2026 13:27,Готово,Нет,,Операционные расходы
9E2A392C3490B5A882574535,18.08.2026,18.08.2026,Денежная операция,Списание,0,36000.00,-36000.00,36000.00,RUB,Дополнительный счёт,Обучение,Операционная деятельность,Прочие операционные расходы,Расходы на обучение,Общий,ЦФО «Атлас»,АНО ДПО «Практика»,5406999109,Обучение сотрудников,0%,Операционные расходы,Дополнительный счёт,ALFA_XLSX,ALFA-9F1125AAC7,ALFA-9F1125AAC7-R000018,АБ-0806,14.09.2026 13:27,Готово,Нет,,Операционные расходы
C8B05FC15816B508B72A2383,22.08.2026,22.08.2026,Денежная операция,Списание,0,27500.00,-27500.00,27500.00,RUB,Дополнительный счёт,Коммунальные услуги,Операционная деятельность,Коммунальные услуги,Электричество,Общий,ЦФО «Атлас»,ООО «Городские сети»,5406999110,Коммунальные услуги,0%,Операционные расходы,Дополнительный счёт,ALFA_XLSX,ALFA-9F1125AAC7,ALFA-9F1125AAC7-R000019,АБ-0807,14.09.2026 13:27,Готово,Нет,,Операционные расходы
CF61C1542FCC0C98598F043B,29.08.2026,29.08.2026,Денежная операция,Поступление,25000.00,0,25000.00,25000.00,RUB,Дополнительный счёт,Возврат от поставщика,Операционная деятельность,Возвраты от поставщиков,,Общий,ЦФО «Атлас»,ООО «Комплект Плюс»,5406999111,Возврат аванса поставщиком,0%,Дополнительный счёт,Авансы выданные,ALFA_XLSX,ALFA-9F1125AAC7,ALFA-9F1125AAC7-R000020,АБ-0808,14.09.2026 13:27,Готово,Нет,,Авансы выданные
7E8D814F76DC73CE55EA97E8,01.08.2026,01.08.2026,Денежная операция,Поступление,510000.00,0,510000.00,510000.00,RUB,Резервный счёт,Оплата от покупателя,Операционная деятельность,Поступления от покупателей,Выручка по договорам подряда,Вектор,ЦФО «Атлас»,ООО «Вектор Строй»,5406999102,Оплата услуг по договору за проект Вектор,0%,Резервный счёт,Выручка,SBER_XLSX,SBER-EB91C15A3E,SBER-EB91C15A3E-R000012,СБ-0801,14.09.2026 13:27,Готово,Нет,,Выручка
87481DE8A4DED63359F86D22,09.08.2026,09.08.2026,Денежная операция,Поступление,640000.00,0,640000.00,640000.00,RUB,Резервный счёт,Оплата от покупателя,Операционная деятельность,Поступления от покупателей,Выручка по договорам подряда,Орион,ЦФО «Атлас»,ООО «Орион Партнёр»,5406999103,Оплата услуг по договору за проект Орион,0%,Резервный счёт,Выручка,SBER_XLSX,SBER-EB91C15A3E,SBER-EB91C15A3E-R000013,СБ-0802,14.09.2026 13:27,Готово,Нет,,Выручка
E9A4705AFDFF4250E451B8C6,11.08.2026,11.08.2026,Денежная операция,Списание,0,120000.00,-120000.00,120000.00,RUB,Резервный счёт,Погашение кредита/займа,Финансовая деятельность,Погашение кредитов и займов,,Общий,ЦФО «Атлас»,АО «Капитал Банк»,5406999112,Погашение основной суммы кредита,0%,Займы,Резервный счёт,SBER_XLSX,SBER-EB91C15A3E,SBER-EB91C15A3E-R000014,СБ-0803,14.09.2026 13:27,Готово,Нет,,Займы
E551AD100DC4CF823F5A7746,14.08.2026,14.08.2026,Денежная операция,Списание,0,22000.00,-22000.00,22000.00,RUB,Резервный счёт,Проценты уплаченные,Финансовая деятельность,Проценты уплаченные,Проценты по кредитам,Общий,ЦФО «Атлас»,АО «Капитал Банк»,5406999112,Проценты по кредиту за август,0%,Операционные расходы,Резервный счёт,SBER_XLSX,SBER-EB91C15A3E,SBER-EB91C15A3E-R000015,СБ-0804,14.09.2026 13:27,Готово,Нет,,Операционные расходы
65C8D7470D768F31B825898C,17.08.2026,17.08.2026,Денежная операция,Списание,0,3100.00,-3100.00,3100.00,RUB,Резервный счёт,Банковское обслуживание,Операционная деятельность,Банковское обслуживание,Расчетно-кассовое обслуживание,Общий,ЦФО «Атлас»,ООО «Северный мост»,5406999101,Комиссия банка за расчетное обслуживание,0%,Операционные расходы,Резервный счёт,SBER_XLSX,SBER-EB91C15A3E,SBER-EB91C15A3E-R000016,СБ-0805,14.09.2026 13:27,Готово,Нет,,Операционные расходы
439910756E1D8529EFD23774,21.08.2026,21.08.2026,Денежная операция,Списание,0,125000.00,-125000.00,125000.00,RUB,Резервный счёт,Аренда,Операционная деятельность,Аренда помещений,Аренда офисов,Общий,ЦФО «Атлас»,ООО «Деловой квартал»,5406999104,Аренда офиса за август,0%,Операционные расходы,Резервный счёт,SBER_XLSX,SBER-EB91C15A3E,SBER-EB91C15A3E-R000017,СБ-0806,14.09.2026 13:27,Готово,Нет,,Операционные расходы
14473537DB0983A2BE923A92,25.08.2026,25.08.2026,Денежная операция,Списание,0,310000.00,-310000.00,310000.00,RUB,Резервный счёт,Зарплата,Операционная деятельность,Заработная плата,Окладные выплаты,Общий,ЦФО «Атлас»,Зарплатный реестр,5406999105,Заработная плата за август,0%,Фонд оплаты труда,Резервный счёт,SBER_XLSX,SBER-EB91C15A3E,SBER-EB91C15A3E-R000018,СБ-0807,14.09.2026 13:27,Готово,Нет,,Фонд оплаты труда
