"Номер счёта","Тип операции","Дата проведения","Номер документа","Валюта операции","Сумма в валюте счёта","Валюта счёта","Описание операции","Назначение платежа","Счет плательщика","ИНН плательщика","КПП плательщика","Наименование плательщика","БИК банка плательщика","Корр. счет плательщика","Счет получателя","Договор получателя","ИНН получателя","КПП получателя","Наименование получателя","БИК банка получателя","Корр. счет получателя","Счет контрагента","ИНН контрагента","Наименование контрагента","БИК банка контрагента","Дебет","Кредит"
"DEMO-ACCOUNT-0001","Кредит","01.08.2026","DOC-100001","643","1200000","643","Оплата консультационных услуг","Оплата по учебному договору за проект Орион","DEMO-COUNTER-ACC-01","DEMO-INN-01","DEMO-KPP-01","ООО «Клиент Орион»","DEMO-BIK-01","DEMO-CORR-01","DEMO-ACCOUNT-0001","DEMO-2026","DEMO-INN-ATLAS","DEMO-KPP-ATLAS","ООО «Атлас»","DEMO-BIK-ATLAS","DEMO-CORR-ATLAS","DEMO-COUNTER-ACC-01","DEMO-INN-01","ООО «Клиент Орион»","DEMO-BIK-01","0","1200000"
"DEMO-ACCOUNT-0001","Кредит","02.08.2026","DOC-100002","643","800000","643","Оплата консультационных услуг","Оплата по учебному договору за проект Вектор","DEMO-COUNTER-ACC-02","DEMO-INN-02","DEMO-KPP-02","ООО «Клиент Вектор»","DEMO-BIK-02","DEMO-CORR-02","DEMO-ACCOUNT-0001","DEMO-2026","DEMO-INN-ATLAS","DEMO-KPP-ATLAS","ООО «Атлас»","DEMO-BIK-ATLAS","DEMO-CORR-ATLAS","DEMO-COUNTER-ACC-02","DEMO-INN-02","ООО «Клиент Вектор»","DEMO-BIK-02","0","800000"
"DEMO-ACCOUNT-0001","Дебет","03.08.2026","DOC-100003","643","2500","643","Банковская комиссия","Комиссия банка за расчётное обслуживание по учебному тарифу","DEMO-ACCOUNT-0001","DEMO-INN-ATLAS","DEMO-KPP-ATLAS","ООО «Атлас»","DEMO-BIK-ATLAS","DEMO-CORR-ATLAS","DEMO-COUNTER-ACC-03","DEMO-2026","DEMO-INN-03","DEMO-KPP-03","Банк 1","DEMO-BIK-03","DEMO-CORR-03","DEMO-COUNTER-ACC-03","DEMO-INN-03","Банк 1","DEMO-BIK-03","2500","0"
"DEMO-ACCOUNT-0001","Дебет","04.08.2026","DOC-100004","643","95000","643","Уплата налога","Учебный налоговый платёж","DEMO-ACCOUNT-0001","DEMO-INN-ATLAS","DEMO-KPP-ATLAS","ООО «Атлас»","DEMO-BIK-ATLAS","DEMO-CORR-ATLAS","DEMO-COUNTER-ACC-04","DEMO-2026","DEMO-INN-04","DEMO-KPP-04","Учебный бюджет","DEMO-BIK-04","DEMO-CORR-04","DEMO-COUNTER-ACC-04","DEMO-INN-04","Учебный бюджет","DEMO-BIK-04","95000","0"
"DEMO-ACCOUNT-0001","Дебет","05.08.2026","DOC-100005","643","180000","643","Аренда","Аренда учебного офиса за август","DEMO-ACCOUNT-0001","DEMO-INN-ATLAS","DEMO-KPP-ATLAS","ООО «Атлас»","DEMO-BIK-ATLAS","DEMO-CORR-ATLAS","DEMO-COUNTER-ACC-05","DEMO-2026","DEMO-INN-05","DEMO-KPP-05","ООО «Учебный арендодатель»","DEMO-BIK-05","DEMO-CORR-05","DEMO-COUNTER-ACC-05","DEMO-INN-05","ООО «Учебный арендодатель»","DEMO-BIK-05","180000","0"
"DEMO-ACCOUNT-0001","Дебет","06.08.2026","DOC-100006","643","320000","643","Заработная плата","Учебная выплата заработной платы без персональных данных","DEMO-ACCOUNT-0001","DEMO-INN-ATLAS","DEMO-KPP-ATLAS","ООО «Атлас»","DEMO-BIK-ATLAS","DEMO-CORR-ATLAS","DEMO-COUNTER-ACC-06","DEMO-2026","DEMO-INN-06","DEMO-KPP-06","Сотрудники ООО «Атлас»","DEMO-BIK-06","DEMO-CORR-06","DEMO-COUNTER-ACC-06","DEMO-INN-06","Сотрудники ООО «Атлас»","DEMO-BIK-06","320000","0"
"DEMO-ACCOUNT-0001","Дебет","07.08.2026","DOC-100007","643","420000","643","Оплата подрядчику","Оплата подрядчику; проект в назначении не указан","DEMO-ACCOUNT-0001","DEMO-INN-ATLAS","DEMO-KPP-ATLAS","ООО «Атлас»","DEMO-BIK-ATLAS","DEMO-CORR-ATLAS","DEMO-COUNTER-ACC-07","DEMO-2026","DEMO-INN-07","DEMO-KPP-07","ООО «Учебный подрядчик»","DEMO-BIK-07","DEMO-CORR-07","DEMO-COUNTER-ACC-07","DEMO-INN-07","ООО «Учебный подрядчик»","DEMO-BIK-07","420000","0"
"DEMO-ACCOUNT-0001","Дебет","08.08.2026","DOC-100008","643","250000","643","Аванс поставщику","Учебный аванс за будущие услуги по проекту Орион","DEMO-ACCOUNT-0001","DEMO-INN-ATLAS","DEMO-KPP-ATLAS","ООО «Атлас»","DEMO-BIK-ATLAS","DEMO-CORR-ATLAS","DEMO-COUNTER-ACC-08","DEMO-2026","DEMO-INN-08","DEMO-KPP-08","ООО «Учебный поставщик»","DEMO-BIK-08","DEMO-CORR-08","DEMO-COUNTER-ACC-08","DEMO-INN-08","ООО «Учебный поставщик»","DEMO-BIK-08","250000","0"
"DEMO-ACCOUNT-0001","Дебет","09.08.2026","DOC-100009","643","300000","643","Внутренний перевод","Перевод на резервный учебный счёт","DEMO-ACCOUNT-0001","DEMO-INN-ATLAS","DEMO-KPP-ATLAS","ООО «Атлас»","DEMO-BIK-ATLAS","DEMO-CORR-ATLAS","DEMO-ACCOUNT-0002","DEMO-2026","DEMO-INN-ATLAS","DEMO-KPP-ATLAS","ООО «Атлас»","DEMO-BIK-02","DEMO-CORR-02","DEMO-ACCOUNT-0002","DEMO-INN-ATLAS","ООО «Атлас»","DEMO-BIK-02","300000","0"
"DEMO-ACCOUNT-0001","Кредит","10.08.2026","DOC-100010","643","300000","643","Аванс клиента","Учебный аванс клиента по проекту Вектор","DEMO-COUNTER-ACC-10","DEMO-INN-10","DEMO-KPP-10","ООО «Клиент Вектор 2»","DEMO-BIK-10","DEMO-CORR-10","DEMO-ACCOUNT-0001","DEMO-2026","DEMO-INN-ATLAS","DEMO-KPP-ATLAS","ООО «Атлас»","DEMO-BIK-ATLAS","DEMO-CORR-ATLAS","DEMO-COUNTER-ACC-10","DEMO-INN-10","ООО «Клиент Вектор 2»","DEMO-BIK-10","0","300000"
"DEMO-ACCOUNT-0001","Кредит","11.08.2026","DOC-100011","643","1000000","643","Получение кредита","Получение учебного займа DEMO-LOAN-2026","DEMO-COUNTER-ACC-11","DEMO-INN-11","DEMO-KPP-11","Банк 1","DEMO-BIK-11","DEMO-CORR-11","DEMO-ACCOUNT-0001","DEMO-LOAN-2026","DEMO-INN-ATLAS","DEMO-KPP-ATLAS","ООО «Атлас»","DEMO-BIK-ATLAS","DEMO-CORR-ATLAS","DEMO-COUNTER-ACC-11","DEMO-INN-11","Банк 1","DEMO-BIK-11","0","1000000"
"DEMO-ACCOUNT-0001","Дебет","12.08.2026","DOC-100012","643","200000","643","Погашение основного долга","Погашение основной суммы учебного займа","DEMO-ACCOUNT-0001","DEMO-INN-ATLAS","DEMO-KPP-ATLAS","ООО «Атлас»","DEMO-BIK-ATLAS","DEMO-CORR-ATLAS","DEMO-COUNTER-ACC-12","DEMO-LOAN-2026","DEMO-INN-12","DEMO-KPP-12","Банк 1","DEMO-BIK-12","DEMO-CORR-12","DEMO-COUNTER-ACC-12","DEMO-INN-12","Банк 1","DEMO-BIK-12","200000","0"
"DEMO-ACCOUNT-0001","Дебет","13.08.2026","DOC-100013","643","35000","643","Проценты по кредиту","Уплата процентов по учебному займу","DEMO-ACCOUNT-0001","DEMO-INN-ATLAS","DEMO-KPP-ATLAS","ООО «Атлас»","DEMO-BIK-ATLAS","DEMO-CORR-ATLAS","DEMO-COUNTER-ACC-13","DEMO-LOAN-2026","DEMO-INN-13","DEMO-KPP-13","Банк 1","DEMO-BIK-13","DEMO-CORR-13","DEMO-COUNTER-ACC-13","DEMO-INN-13","Банк 1","DEMO-BIK-13","35000","0"
"DEMO-ACCOUNT-0001","Дебет","14.08.2026","DOC-100014","643","12345","643","Платёж без классификации","Назначение недостаточно для определения экономического смысла","DEMO-ACCOUNT-0001","DEMO-INN-ATLAS","DEMO-KPP-ATLAS","ООО «Атлас»","DEMO-BIK-ATLAS","DEMO-CORR-ATLAS","DEMO-COUNTER-ACC-14","DEMO-2026","DEMO-INN-14","DEMO-KPP-14","ООО «Неопределённый контрагент»","DEMO-BIK-14","DEMO-CORR-14","DEMO-COUNTER-ACC-14","DEMO-INN-14","ООО «Неопределённый контрагент»","DEMO-BIK-14","12345","0"
"DEMO-ACCOUNT-0001","Дебет","18.08.2026","DOC-100015","643","40000","643","Связь и интернет","Услуги связи и интернета за август","DEMO-ACCOUNT-0001","DEMO-INN-ATLAS","DEMO-KPP-ATLAS","ООО «Атлас»","DEMO-BIK-ATLAS","DEMO-CORR-ATLAS","DEMO-COUNTER-ACC-15","DEMO-2026","DEMO-INN-15","DEMO-KPP-15","ООО «Учебная связь»","DEMO-BIK-15","DEMO-CORR-15","DEMO-COUNTER-ACC-15","DEMO-INN-15","ООО «Учебная связь»","DEMO-BIK-15","40000","0"
"DEMO-ACCOUNT-0001","Дебет","18.08.2026","DOC-100016","643","40000","643","Обучение","Обучение сотрудников по учебной программе","DEMO-ACCOUNT-0001","DEMO-INN-ATLAS","DEMO-KPP-ATLAS","ООО «Атлас»","DEMO-BIK-ATLAS","DEMO-CORR-ATLAS","DEMO-COUNTER-ACC-16","DEMO-2026","DEMO-INN-16","DEMO-KPP-16","ООО «Учебный центр»","DEMO-BIK-16","DEMO-CORR-16","DEMO-COUNTER-ACC-16","DEMO-INN-16","ООО «Учебный центр»","DEMO-BIK-16","40000","0"
"DEMO-ACCOUNT-0001","Дебет","20.08.2026","DOC-100017","643","75000","643","Маркетинг","Продвижение учебного проекта Вектор","DEMO-ACCOUNT-0001","DEMO-INN-ATLAS","DEMO-KPP-ATLAS","ООО «Атлас»","DEMO-BIK-ATLAS","DEMO-CORR-ATLAS","DEMO-COUNTER-ACC-17","DEMO-2026","DEMO-INN-17","DEMO-KPP-17","ООО «Учебное агентство»","DEMO-BIK-17","DEMO-CORR-17","DEMO-COUNTER-ACC-17","DEMO-INN-17","ООО «Учебное агентство»","DEMO-BIK-17","75000","0"
"DEMO-ACCOUNT-0001","Кредит","21.08.2026","DOC-100018","643","25000","643","Возврат от поставщика","Возврат части учебного аванса","DEMO-COUNTER-ACC-18","DEMO-INN-18","DEMO-KPP-18","ООО «Учебный поставщик»","DEMO-BIK-18","DEMO-CORR-18","DEMO-ACCOUNT-0001","DEMO-2026","DEMO-INN-ATLAS","DEMO-KPP-ATLAS","ООО «Атлас»","DEMO-BIK-ATLAS","DEMO-CORR-ATLAS","DEMO-COUNTER-ACC-18","DEMO-INN-18","ООО «Учебный поставщик»","DEMO-BIK-18","0","25000"
"DEMO-ACCOUNT-0001","Кредит","22.08.2026","DOC-100019","643","500000","643","Аванс клиента","Учебный аванс клиента по проекту Орион","DEMO-COUNTER-ACC-19","DEMO-INN-19","DEMO-KPP-19","ООО «Клиент Орион 2»","DEMO-BIK-19","DEMO-CORR-19","DEMO-ACCOUNT-0001","DEMO-2026","DEMO-INN-ATLAS","DEMO-KPP-ATLAS","ООО «Атлас»","DEMO-BIK-ATLAS","DEMO-CORR-ATLAS","DEMO-COUNTER-ACC-19","DEMO-INN-19","ООО «Клиент Орион 2»","DEMO-BIK-19","0","500000"
"DEMO-ACCOUNT-0001","Дебет","23.08.2026","DOC-100020","643","60000","643","Коммунальные услуги","Коммунальные услуги за август","DEMO-ACCOUNT-0001","DEMO-INN-ATLAS","DEMO-KPP-ATLAS","ООО «Атлас»","DEMO-BIK-ATLAS","DEMO-CORR-ATLAS","DEMO-COUNTER-ACC-20","DEMO-2026","DEMO-INN-20","DEMO-KPP-20","ООО «Учебные коммунальные услуги»","DEMO-BIK-20","DEMO-CORR-20","DEMO-COUNTER-ACC-20","DEMO-INN-20","ООО «Учебные коммунальные услуги»","DEMO-BIK-20","60000","0"
"DEMO-ACCOUNT-0001","Дебет","03.08.2026","DOC-100003","643","2500","643","Банковская комиссия","Комиссия банка за расчётное обслуживание по учебному тарифу","DEMO-ACCOUNT-0001","DEMO-INN-ATLAS","DEMO-KPP-ATLAS","ООО «Атлас»","DEMO-BIK-ATLAS","DEMO-CORR-ATLAS","DEMO-COUNTER-ACC-03","DEMO-2026","DEMO-INN-03","DEMO-KPP-03","Банк 1","DEMO-BIK-03","DEMO-CORR-03","DEMO-COUNTER-ACC-03","DEMO-INN-03","Банк 1","DEMO-BIK-03","2500","0"
